<?xml version="1.0" encoding="utf-8"?>
<odoo>
    <data>
        <!-- PROFIT AND LOSS -->
        <record id="woo_account_financial_report_profitandloss1" model="account.financial.html.report">
            <field name="name">WooCommerce Profit and Loss</field>
            <field name="analytic" eval="True"/>
            <field name="unfold_all_filter" eval="True"/>
            <field name="show_journal_filter" eval="True"/>
            <!-- <field name="generated_menu_id" ref="shopify_net_profit_report_ept.menu_shopify_pnl_report"/> -->
            <field name='parent_id' ref='account.account_reports_legal_statements_menu'/>
        </record>
        <record id="woo_account_financial_report_net_profit1" model="account.financial.html.report.line">
            <field name="name">Net Profit</field>
            <field name="code">WNEP</field>
            <field name="financial_report_id" ref="woo_account_financial_report_profitandloss1"/>
            <!-- Use the expanded computation for clarity -->
            <field name="formulas">WOPINC + WOIN - WCOS - WEXP - WDEP</field>
            <field name="sequence" eval="3"/>
            <field name="level" eval="0"/>
        </record>

        <record id="woo_account_financial_report_totalincome1" model="account.financial.html.report.line">
            <field name="name">Income</field>
            <field name="code">WINC</field>
            <field name="formulas">WOPINC + WOIN</field>
            <field name="domain" eval="[('account_id.user_type_id.internal_group', '=', 'income')]"/>
            <field name="parent_id" eval="False"/>
            <field name="financial_report_id" ref="woo_account_financial_report_profitandloss1"/>
            <field name="sequence" eval="1"/>
            <field name="level" eval="0"/>
        </record>

        <record id="woo_account_financial_report_gross_profit1" model="account.financial.html.report.line">
            <field name="name">Gross Profit</field>
            <field name="code">WGRP</field>
            <field name="formulas">WOPINC - WCOS</field>
            <field name="parent_id" ref='woo_account_financial_report_totalincome1'/>
            <field name="sequence" eval="1"/>
            <field name="level" eval="2"/>
        </record>

        <record id="woo_account_financial_report_income1" model="account.financial.html.report.line">
            <field name="name">Operating Income</field>
            <field name="code">WOPINC</field>
            <field name="formulas">-sum</field>
            <field name="parent_id" ref='woo_account_financial_report_gross_profit1'/>
            <field name="domain" eval="[('account_id.user_type_id', '=', ref('account.data_account_type_revenue'))]"/>
            <field name="groupby">account_id</field>
            <field name="sequence" eval="1"/>
            <field name="level" eval="3"/>
        </record>

        <record id="woo_account_financial_report_cost_sales1" model="account.financial.html.report.line">
            <field name="name">Cost of Revenue</field>
            <field name="code">WCOS</field>
            <field name="formulas">sum</field>
            <field name="parent_id" ref='woo_account_financial_report_gross_profit1'/>
            <field name="domain"
                   eval="[('account_id.user_type_id', '=', ref('account.data_account_type_direct_costs'))]"/>
            <field name="groupby">account_id</field>
            <field name="sequence" eval="3"/>
            <field name="green_on_positive" eval="False"/>
            <field name="level" eval="3"/>
        </record>

        <record id="woo_account_financial_report_other_income1" model="account.financial.html.report.line">
            <field name="name">Other Income</field>
            <field name="code">WOIN</field>
            <field name="formulas">-sum</field>
            <field name="parent_id" ref='woo_account_financial_report_totalincome1'/>
            <field name="domain"
                   eval="[('account_id.user_type_id', '=', ref('account.data_account_type_other_income'))]"/>
            <field name="groupby">account_id</field>
            <field name="sequence" eval="2"/>
            <field name="level" eval="2"/>
        </record>

        <record id="woo_account_financial_report_less_expenses1" model="account.financial.html.report.line">
            <field name="name">Expenses</field>
            <field name="code">WLEX</field>
            <field name="formulas">WEXP + WDEP</field>
            <field name="domain" eval="[('account_id.user_type_id.internal_group', '=', 'expense')]"/>
            <field name="parent_id" eval="False"/>
            <field name="sequence" eval="2"/>
            <field name="financial_report_id" ref="woo_account_financial_report_profitandloss1"/>
            <field name="green_on_positive" eval="False"/>
            <field name="level" eval="0"/>
        </record>
        <record id="woo_account_financial_report_expense1" model="account.financial.html.report.line">
            <field name="name">Expenses</field>
            <field name="code">WEXP</field>
            <field name="formulas">sum</field>
            <field name="parent_id" ref='woo_account_financial_report_less_expenses1'/>
            <field name="domain" eval="[('account_id.user_type_id', '=', ref('account.data_account_type_expenses'))]"/>
            <field name="groupby">account_id</field>
            <field name="sequence" eval="1"/>
            <field name="green_on_positive" eval="False"/>
            <field name="level" eval="2"/>
        </record>
        <record id="woo_account_financial_report_depreciation1" model="account.financial.html.report.line">
            <field name="name">Depreciation</field>
            <field name="code">WDEP</field>
            <field name="formulas">sum</field>
            <field name="parent_id" ref='woo_account_financial_report_less_expenses1'/>
            <field name="domain"
                   eval="[('account_id.user_type_id', '=', ref('account.data_account_type_depreciation'))]"/>
            <field name="groupby">account_id</field>
            <field name="sequence" eval="2"/>
            <field name="green_on_positive" eval="False"/>
            <field name="level" eval="2"/>
        </record>
    </data>
</odoo>